question_id,category,question,answer,doc_id,section,status,validated_by,catatan_supervisor
Q001,deskripsi,"Apa deskripsi dokumen ""Buletin Triwulan I Direktorat Perencanaan Peningkatan Produktivitas dan Pembangunan Tematik""?","Buletin Triwulan I Tahun 2026 Direktorat Perencanaan Peningkatan Produktivitas dan Pembangunan Tematik menyajikan analisis strategis mengenai perkembangan produktivitas nasional serta isu-isu tematik yang menjadi perhatian dalam perencanaan pembangunan. Edisi ini mengulas dinamika sumber pertumbuhan ekonomi (Source of Growth) dan Total Factor Productivity (TFP), transformasi ekonomi hijau melalui pengelolaan sampah dan energi terbarukan, penguatan industri garam nasional dalam mendukung swasembada garam, serta pengembangan industri gim sebagai bagian dari transformasi ekonomi kreatif. Melalui berbagai analisis berbasis data dan rekomendasi kebijakan, buletin ini diharapkan menjadi referensi bagi para pemangku kepentingan dalam mendorong peningkatan produktivitas, memperkuat daya saing nasional, dan mendukung pencapaian target pembangunan menuju Indonesia Emas 2045.",DOC-011,deskripsi,draft,,
Q002,manfaat,"Apa manfaat dokumen ""Buletin Triwulan I Direktorat Perencanaan Peningkatan Produktivitas dan Pembangunan Tematik""?","1. Sebagai media diseminasi hasil analisis dan rekomendasi kebijakan Direktorat P4T. 2. Sebagai referensi berbasis data dalam mendukung perencanaan dan pengambilan keputusan pembangunan di Bappenas dan kementerian/lembaga. 3. Sebagai sarana penyebarluasan informasi strategis kepada pemerintah daerah, akademisi, dan masyarakat untuk mendukung pembangunan nasional yang produktif, inklusif, dan berkelanjutan.",DOC-011,manfaat,draft,,
Q003,identitas,"Siapa penyusun, tahun, dan jenis dokumen ""Buletin Triwulan I Direktorat Perencanaan Peningkatan Produktivitas dan Pembangunan Tematik""?","Dokumen ""Buletin Triwulan I Direktorat Perencanaan Peningkatan Produktivitas dan Pembangunan Tematik"" berjenis Buletin (Pengetahuan Explicit), disusun oleh Direktorat Perencanaan Peningkatan Produktivitas dan Pembangunan Tematik pada tahun 2026, termasuk dalam Deputi Bidang Perencanaan Makro Pembangunan. Hak akses: Terbuka. Dipublikasikan pada 2026-06-28.",DOC-011,identitas,draft,,
Q004,proses,"Bagaimana tahapan proses bisnis penyusunan ""Buletin Triwulan I Direktorat Perencanaan Peningkatan Produktivitas dan Pembangunan Tematik""?","1. Perencanaan Tema 2. Penyusunan buletin diawali dengan penentuan tema, topik, dan ruang lingkup pembahasan yang disesuaikan dengan isu strategis, prioritas pembangunan, serta agenda kerja Direktorat. 3. Pengumpulan Data dan Referensi 4. Tim mengumpulkan data, statistik, regulasi, hasil kajian, serta referensi dari sumber resmi dan kredibel sebagai dasar penyusunan materi buletin. 5. Penyusunan dan Analisis Konten 6. Berdasarkan data yang telah dikumpulkan, dilakukan analisis serta penyusunan artikel, infografis, tabel, dan grafik yang disajikan dalam bentuk informasi yang ringkas, informatif, dan berbasis bukti. 7. Review dan Validasi 8. Draf buletin ditelaah untuk memastikan ketepatan substansi, akurasi data, konsistensi penulisan, serta kesesuaian dengan kebijakan yang berlaku. Revisi dilakukan berdasarkan masukan dari penanggung jawab maupun pimpinan. 9. Desain dan Tata Letak 10. Setelah substansi disetujui, dilakukan proses desain grafis dan penyusunan tata letak agar buletin memiliki tampilan yang menarik, mudah dibaca, dan sesuai dengan identitas visual instansi. 11. Finalisasi dan Persetujuan 12. Buletin yang telah selesai didesain menjalani proses pemeriksaan akhir (proofreading) dan memperoleh persetujuan sebelum dipublikasikan. 13. Publikasi dan Diseminasi 14. Buletin diterbitkan dalam format digital maupun cetak, kemudian didistribusikan kepada pemangku kepentingan dan dipublikasikan melalui media komunikasi yang telah ditetapkan.",DOC-011,proses_bisnis,draft,,
Q005,proses,"Apa langkah ke-1 dalam penyusunan ""Buletin Triwulan I Direktorat Perencanaan Peningkatan Produktivitas dan Pembangunan Tematik""?",Langkah 1: Perencanaan Tema,DOC-011,proses_bisnis,draft,,
Q006,proses,"Apa langkah ke-2 dalam penyusunan ""Buletin Triwulan I Direktorat Perencanaan Peningkatan Produktivitas dan Pembangunan Tematik""?","Langkah 2: Penyusunan buletin diawali dengan penentuan tema, topik, dan ruang lingkup pembahasan yang disesuaikan dengan isu strategis, prioritas pembangunan, serta agenda kerja Direktorat.",DOC-011,proses_bisnis,draft,,
Q007,proses,"Apa langkah ke-3 dalam penyusunan ""Buletin Triwulan I Direktorat Perencanaan Peningkatan Produktivitas dan Pembangunan Tematik""?",Langkah 3: Pengumpulan Data dan Referensi,DOC-011,proses_bisnis,draft,,
Q008,proses,"Apa langkah ke-4 dalam penyusunan ""Buletin Triwulan I Direktorat Perencanaan Peningkatan Produktivitas dan Pembangunan Tematik""?","Langkah 4: Tim mengumpulkan data, statistik, regulasi, hasil kajian, serta referensi dari sumber resmi dan kredibel sebagai dasar penyusunan materi buletin.",DOC-011,proses_bisnis,draft,,
Q009,proses,"Apa langkah ke-5 dalam penyusunan ""Buletin Triwulan I Direktorat Perencanaan Peningkatan Produktivitas dan Pembangunan Tematik""?",Langkah 5: Penyusunan dan Analisis Konten,DOC-011,proses_bisnis,draft,,
Q010,proses,"Apa langkah ke-6 dalam penyusunan ""Buletin Triwulan I Direktorat Perencanaan Peningkatan Produktivitas dan Pembangunan Tematik""?","Langkah 6: Berdasarkan data yang telah dikumpulkan, dilakukan analisis serta penyusunan artikel, infografis, tabel, dan grafik yang disajikan dalam bentuk informasi yang ringkas, informatif, dan berbasis bukti.",DOC-011,proses_bisnis,draft,,
Q011,regulasi,"Regulasi apa saja yang menjadi landasan ""Buletin Triwulan I Direktorat Perencanaan Peningkatan Produktivitas dan Pembangunan Tematik""?",Peraturan Presiden; Peraturan Menteri,DOC-011,regulasi,draft,,
Q012,sumber,"Sumber data apa yang digunakan ""Buletin Triwulan I Direktorat Perencanaan Peningkatan Produktivitas dan Pembangunan Tematik""?",Badan Pusat Statistik (BPS) – PDB; Sakernas; statistik perdagangan; dan impor garam. Kementerian PPN/Bappenas – RPJPN 2025–2045; RPJMN 2025–2029; Master Plan Produktivitas Nasional (MPPN); dan publikasi Bappenas. Kementerian Kelautan dan Perikanan (KKP) – Statistik produksi garam dan data sektor kelautan. Kementerian Energi dan Sumber Daya Mineral (ESDM) – Data energi dan Energi Baru Terbarukan (EBT). Kementerian Komunikasi dan Digital (Komdigi) – Regulasi dan data terkait industri gim (IGRS). Dokumen kebijakan nasional – Enhanced NDC; dan regulasi terkait. Publikasi organisasi/industri – Agate Whitepaper dan publikasi sektor ekonomi kreatif. Media dan situs resmi – Publikasi resmi pemerintah; media kredibel sebagai referensi perkembangan isu terkini,DOC-011,data_sekunder,draft,,
Q013,mitra,"Siapa saja mitra dalam penyusunan ""Buletin Triwulan I Direktorat Perencanaan Peningkatan Produktivitas dan Pembangunan Tematik""?",Direktorat Perencanaan Peningkatan Produktivitas dan Pembangunan Tematik (Internal UKE),DOC-011,mitra,draft,,
Q014,deskripsi,"Apa deskripsi dokumen ""Laporan Perkembangan Ekonomi Indonesia dan Dunia Triwulan III 2025""?","Pertumbuhan ekonomi Indonesia pada triwulan III tumbuh lebih tinggi dibandingkan periode yang sama tahun sebelumnya, yaitu sebesar 5,04 persen (YoY). Pertumbuhan ini didorong oleh konsumsi rumah tangga yang tetap terjaga, meningkatnya mobilitas penduduk dan aktivitas pariwisata, realisasi investasi yang menguat, serta kontribusi sektor jasa yang terus membaik. Dari sisi pengeluaran, seluruh komponen pengeluaran mengalami pertumbuhan positif. Dari sisi lapangan usaha, semua sektor mencatatkan pertumbuhan positif, kecuali sektor pertambangan. Sektor Jasa Pendidikan merupakan sektor dengan pertumbuhan tertinggi yaitu sebesar 10,59 persen (YoY). Kinerja positif pada sektor ini didorong oleh dimulainya tahun ajaran baru dan peningkatan belanja fungsi pendidikan. Sementara itu, sektor pertambangan mengalami kontraksi sebesar 1,98 persen (YoY) yang terutama disebabkan penurunan ekspor batu bara.",DOC-003,deskripsi,draft,,
Q015,manfaat,"Apa manfaat dokumen ""Laporan Perkembangan Ekonomi Indonesia dan Dunia Triwulan III 2025""?","Laporan Perkembangan Ekonomi Indonesia dan Dunia yang disusun secara triwulanan memiliki manfaat penting dalam manajemen pengetahuan karena menyediakan pembaruan informasi ekonomi secara berkala, terstruktur, dan konsisten. Frekuensi triwulanan memungkinkan organisasi untuk memantau dinamika ekonomi dalam interval waktu yang cukup responsif tanpa kehilangan kedalaman analisis, sehingga pengetahuan yang dihasilkan tetap relevan dan kontekstual. Melalui siklus ini, laporan tidak hanya menjadi repositori data dan analisis, tetapi juga berfungsi sebagai alat pembelajaran berkelanjutan yang memperkuat institutional memory, mengidentifikasi pola dan tren dari waktu ke waktu, serta mendukung pengambilan keputusan yang lebih adaptif dan berbasis bukti dalam menghadapi perubahan kondisi ekonomi global maupun nasional.",DOC-003,manfaat,draft,,
Q016,identitas,"Siapa penyusun, tahun, dan jenis dokumen ""Laporan Perkembangan Ekonomi Indonesia dan Dunia Triwulan III 2025""?","Dokumen ""Laporan Perkembangan Ekonomi Indonesia dan Dunia Triwulan III 2025"" berjenis Laporan Resmi (Pengetahuan Explicit), disusun oleh Direktorat Perencanaan Ekonomi Makro dan Pengembangan Model Pembangunan pada tahun 2026, termasuk dalam Deputi Bidang Perencanaan Makro Pembangunan. Hak akses: Terbuka. Dipublikasikan pada 2026-04-19.",DOC-003,identitas,draft,,
Q017,proses,"Bagaimana tahapan proses bisnis penyusunan ""Laporan Perkembangan Ekonomi Indonesia dan Dunia Triwulan III 2025""?",1. Pengumpulan dan penelaahan data ekonomi 2. Koordinasi dengan stakeholder terkait 3. Analisis ekonomi berbasis data 4. Penyusunan laporan 5. Reviu dan finalisasi laporan,DOC-003,proses_bisnis,draft,,
Q018,proses,"Apa langkah ke-1 dalam penyusunan ""Laporan Perkembangan Ekonomi Indonesia dan Dunia Triwulan III 2025""?",Langkah 1: Pengumpulan dan penelaahan data ekonomi,DOC-003,proses_bisnis,draft,,
Q019,proses,"Apa langkah ke-2 dalam penyusunan ""Laporan Perkembangan Ekonomi Indonesia dan Dunia Triwulan III 2025""?",Langkah 2: Koordinasi dengan stakeholder terkait,DOC-003,proses_bisnis,draft,,
Q020,proses,"Apa langkah ke-3 dalam penyusunan ""Laporan Perkembangan Ekonomi Indonesia dan Dunia Triwulan III 2025""?",Langkah 3: Analisis ekonomi berbasis data,DOC-003,proses_bisnis,draft,,
Q021,proses,"Apa langkah ke-4 dalam penyusunan ""Laporan Perkembangan Ekonomi Indonesia dan Dunia Triwulan III 2025""?",Langkah 4: Penyusunan laporan,DOC-003,proses_bisnis,draft,,
Q022,proses,"Apa langkah ke-5 dalam penyusunan ""Laporan Perkembangan Ekonomi Indonesia dan Dunia Triwulan III 2025""?",Langkah 5: Reviu dan finalisasi laporan,DOC-003,proses_bisnis,draft,,
Q023,sumber,"Sumber data apa yang digunakan ""Laporan Perkembangan Ekonomi Indonesia dan Dunia Triwulan III 2025""?",Badan Pusat Statistik (BPS); Bank Indonesia; Kementerian Keuangan; Otoritas Jasa Keuangan (OJK); World Bank; International Monetary Fund (IMF); Kemenko Perekonomian; Kementerian ESDM; Kementerian Kelautan dan Perikanan (KKP); Kementerian Kominikasi dan Digital; Kementerian BUMN; BKPM,DOC-003,data_sekunder,draft,,
Q024,mitra,"Siapa saja mitra dalam penyusunan ""Laporan Perkembangan Ekonomi Indonesia dan Dunia Triwulan III 2025""?","Direktorat Perencanaan Ekonomi Makro dan Pengembangan Model Pembangunan (Internal UKE); Direktorat Perencanaan Fiskal, Moneter, dan Sektor Keuangan (UKE lain); Direktorat Ekonomi Syariah dan Badan Usaha Milik Negara (UKE lain); Direktorat Perencanaan Hilirisasi dan Kerjasama Ekonomi Internasional (UKE lain); Direktorat Pariwisata, Ekonomi Kreatif, dan Ekonomi Digital (UKE lain); Direktorat Industri, Perdagangan, dan Peningkatan Investasi (UKE lain); Direktorat Perencanaan Peningkatan Produktivitas dan Pembangunan Tematik (UKE lain)",DOC-003,mitra,draft,,
Q025,tag,"Apa kata kunci dokumen ""Laporan Perkembangan Ekonomi Indonesia dan Dunia Triwulan III 2025""?","laporan, perkembangan ekonomi, ekonomi indonesia, ekonomi dunia, triwulan iii, tw3, 2025",DOC-003,tag,draft,,
Q026,deskripsi,"Apa deskripsi dokumen ""Pedoman Inpres Konektivitas Jalan Daerah Tahun 2023 Direktorat Transportasi""?","Pedoman Pelaksanaan Instruksi Presiden No. 3 Tahun 2023 tentang Percepatan Peningkatan Konektivitas Jalan Daerah disusun dalam rangka sebagai pedoman pelaksanaan kegiatan Percepatan Peningkatan Konektivitas Jalan Daerah yang merupakan bantuan Pemerintah Pusat kepada Pemerintah Daerah yang bersumber dari APBN terutama bagi daerah yang memiliki beneficiary tinggi terhadap pertumbuhan ekonomi wilayah, sehingga diharapkan semua pemangku kepentingan dapat mempunyai persepsi, komitmen dan langkah nyata yang terkoordinasi dalam penyelenggaraan kegiatan ini.",DOC-032,deskripsi,draft,,
Q027,manfaat,"Apa manfaat dokumen ""Pedoman Inpres Konektivitas Jalan Daerah Tahun 2023 Direktorat Transportasi""?",Diharapkan dapat menjadi Panduan Bersama dalam rangka pelaksanaan Inpres Jalan Daerah Tahun 2023,DOC-032,manfaat,draft,,
Q028,identitas,"Siapa penyusun, tahun, dan jenis dokumen ""Pedoman Inpres Konektivitas Jalan Daerah Tahun 2023 Direktorat Transportasi""?","Dokumen ""Pedoman Inpres Konektivitas Jalan Daerah Tahun 2023 Direktorat Transportasi"" berjenis Ringkasan Kebijakan/Policy Brief (Pengetahuan Explicit), disusun oleh Direktorat Konektivitas dan Infrastruktur Logistik pada tahun 2023, termasuk dalam Deputi Bidang Infrastruktur. Hak akses: Terbuka. Dipublikasikan pada 2025-04-25.",DOC-032,identitas,draft,,
Q029,proses,"Bagaimana tahapan proses bisnis penyusunan ""Pedoman Inpres Konektivitas Jalan Daerah Tahun 2023 Direktorat Transportasi""?",1. Tahapan Inpres Jalan Daerah tahun 2023 2. Penetapan Kriteria Prioritas oleh Bappenas dan PUPR 3. Usulan Ruas Jalan oleh pemerintah Daerah 4. Penginputan Melalui Aplikasi SITIA oleh Pemerintah Daerah 5. Seleksi Ruas Prioritas melalui : 6. a). Verifikasi Awal (BBPJN Kementerian PUPR) 7. b). Desk Sinkronisasi antara BPJN dengan Pemda 8. c). Desk Sinkronisasi antara BPJN dengan Direktorat Teknis PUPR 9. Pemeriksaan Potensi Duplikasi dengan Kegiatan Penanganan Jalan Daerah yang dilakukan melalui DAK oleh PFID) 10. Bilateral Meeting Bappenas dan PUPR terkait Penetapan Inpres hasil Verifikasi di PUPR 11. Hasil Bilateral Meeting ditindaklanjuti melalui Penyusunan Rancangan Daftar Proyek Prioritas (RDPP) oleh Bappenas dan PUPR 12. Penetapan SKB Menteri Bappenas dan PUPR terkait Daftar Kegiatan Percepatan Peningkatan Konektivitas Jalan Daerah 13. Sosialisasi Penetapan Kegiatan Kepada Pemerintah Provinsi/Kabupaten/Kota,DOC-032,proses_bisnis,draft,,
Q030,proses,"Apa langkah ke-1 dalam penyusunan ""Pedoman Inpres Konektivitas Jalan Daerah Tahun 2023 Direktorat Transportasi""?",Langkah 1: Tahapan Inpres Jalan Daerah tahun 2023,DOC-032,proses_bisnis,draft,,
Q031,proses,"Apa langkah ke-2 dalam penyusunan ""Pedoman Inpres Konektivitas Jalan Daerah Tahun 2023 Direktorat Transportasi""?",Langkah 2: Penetapan Kriteria Prioritas oleh Bappenas dan PUPR,DOC-032,proses_bisnis,draft,,
Q032,proses,"Apa langkah ke-3 dalam penyusunan ""Pedoman Inpres Konektivitas Jalan Daerah Tahun 2023 Direktorat Transportasi""?",Langkah 3: Usulan Ruas Jalan oleh pemerintah Daerah,DOC-032,proses_bisnis,draft,,
Q033,proses,"Apa langkah ke-4 dalam penyusunan ""Pedoman Inpres Konektivitas Jalan Daerah Tahun 2023 Direktorat Transportasi""?",Langkah 4: Penginputan Melalui Aplikasi SITIA oleh Pemerintah Daerah,DOC-032,proses_bisnis,draft,,
Q034,proses,"Apa langkah ke-5 dalam penyusunan ""Pedoman Inpres Konektivitas Jalan Daerah Tahun 2023 Direktorat Transportasi""?",Langkah 5: Seleksi Ruas Prioritas melalui :,DOC-032,proses_bisnis,draft,,
Q035,proses,"Apa langkah ke-6 dalam penyusunan ""Pedoman Inpres Konektivitas Jalan Daerah Tahun 2023 Direktorat Transportasi""?",Langkah 6: a). Verifikasi Awal (BBPJN Kementerian PUPR),DOC-032,proses_bisnis,draft,,
Q036,mitra,"Siapa saja mitra dalam penyusunan ""Pedoman Inpres Konektivitas Jalan Daerah Tahun 2023 Direktorat Transportasi""?",Direktorat Transportasi (Internal UKE),DOC-032,mitra,draft,,
Q037,deskripsi,"Apa deskripsi dokumen ""Laporan Kinerja Kementerian PPN/Bappenas Tahun 2025""?","Kinerja Kementerian PPN/Bappenas pada tahun 2025 secara keseluruhan menunjukkan capaian yang memuaskan. Hal ini tercermin dari realisasi target indikator kinerja yang tercantum dalam Perjanjian Kinerja Menteri PPN/Kepala Bappenas Tahun 2025. Sebagai tahun fondasi pelaksanaan RPJMN 2025-2029, Kementerian PPN/Bappenas berhasil menjalankan peran strategis dalam menjaga koherensi perencanaan dan penganggaran, serta memastikan quality of spending pada program prioritas nasional.",DOC-001,deskripsi,draft,,
Q038,manfaat,"Apa manfaat dokumen ""Laporan Kinerja Kementerian PPN/Bappenas Tahun 2025""?","Laporan Kinerja Kementerian PPN/Bappenas Tahun 2025 disusun sebagai bentuk pertanggungjawaban atas pelaksanaan tugas dan fungsi selama tahun anggaran berjalan. Kami berharap laporan ini dapat memberikan informasi yang memadai mengenai capaian dan tantangan yang dihadapi, serta menjadi bahan evaluasi untuk perbaikan kinerja pada periode berikutnya.",DOC-001,manfaat,draft,,
Q039,identitas,"Siapa penyusun, tahun, dan jenis dokumen ""Laporan Kinerja Kementerian PPN/Bappenas Tahun 2025""?","Dokumen ""Laporan Kinerja Kementerian PPN/Bappenas Tahun 2025"" berjenis Laporan Resmi (Pengetahuan Explicit), disusun oleh Biro Perencanaan, Organisasi dan Tata Laksana pada tahun 2026, termasuk dalam Sekretariat Kementerian Perencanaan Pembangunan Nasional/Sekretariat Utama Badan Perencanaan Pembangunan Nasional. Hak akses: Terbuka. Dipublikasikan pada 2026-04-09.",DOC-001,identitas,draft,,
Q040,regulasi,"Regulasi apa saja yang menjadi landasan ""Laporan Kinerja Kementerian PPN/Bappenas Tahun 2025""?","Undang-Undang Nomor 25 Tahun 2004 tentang Sistem Perencanaan Pembangunan Nasional (SPPN); Undang-Undang Nomor 62 Tahun 2024 tentang APBN Tahun Anggaran 2025; Peraturan Pemerintah Nomor 8 Tahun 2006 tentang Pelaporan Keuangan dan Kinerja Instansi Pemerintah; Peraturan Presiden Nomor 29 Tahun 2014 tentang Sistem Akuntabilitas Kinerja Instansi Pemerintah; Peraturan Presiden Nomor 194 Tahun 2024 tentang Kementerian Perencanaan Pembangunan Nasional; Peraturan Presiden Nomor 195 Tahun 2024 tentang Badan Perencanaan Pembangunan Nasional; Peraturan Presiden Nomor 79 Tahun 2025 tentang Pemutakhiran Rencana Kerja Pemerintah Tahun 2025; Peraturan Menteri PPN/Kepala Bappenas Nomor 3 Tahun 2023 tentang Sistem Akuntabilitas Kinerja Instansi Pemerintah di Kementerian Perencanaan Pembangunan Nasional/Badan Perencanaan Pembangunan Nasional; Peraturan Menteri PPN/Kepala Bappenas Nomor 2 Tahun 2025 tentang Organisasi dan Tata Kerja Kementerian Perencanaan Pembangunan Nasional/Badan Perencanaan Pembangunan Nasional; Peraturan Menteri PPN/Kepala Bappenas Nomor 8 Tahun 2025 tentang Rencana Strategis Kementerian Perencanaan Pembangunan Nasional/Badan Perencanaan Pembangunan Nasional Tahun 2025-2029; Peraturan Menteri Pendayagunaan Aparatur Negara dan Reformasi Birokrasi Nomor 53 Tahun 2014 tentang Petunjuk Teknis Perjanjian Kinerja, Pelaporan Kinerja dan Tata Cara Reviu atas Laporan Kinerja Instansi Pemerintah; Peraturan Menteri Pendayagunaan Aparatur Negara dan Reformasi Birokrasi Nomor 22 Tahun 2024 tentang Penilaian Kinerja Organisasi",DOC-001,regulasi,draft,,
Q041,mitra,"Siapa saja mitra dalam penyusunan ""Laporan Kinerja Kementerian PPN/Bappenas Tahun 2025""?","Menteri PPN/Kepala Bappenas (UKE lain); Deputi Bidang Pembangunan Manusia dan Kebudayaan (UKE lain); Deputi Bidang Politik, Hukum, Hak Asasi Manusia, Pertahanan, dan Keamanan (UKE lain); Deputi Bidang Pemberdayaan Masyarakat, Kependudukan, dan Ketenagakerjaan (UKE lain); Deputi Bidang Perencanaan Makro Pembangunan (UKE lain); Deputi Bidang Pangan, Sumber Daya Alam, dan Lingkungan Hidup (UKE lain); Deputi Bidang Infrastruktur (UKE lain); Deputi Bidang Pembangunan Kewilayahan (UKE lain); Deputi Bidang Pembiayaan dan Investasi Pembangunan (UKE lain); Deputi Bidang Pengendalian, Evaluasi, dan Manajemen Risiko Pembangunan (UKE lain); Deputi Bidang Ekonomi dan Transformasi Digital (UKE lain)",DOC-001,mitra,draft,,
Q042,tag,"Apa kata kunci dokumen ""Laporan Kinerja Kementerian PPN/Bappenas Tahun 2025""?","laporan, kinerja, kementerian, ppn, bappenas, 2025",DOC-001,tag,draft,,
Q043,deskripsi,"Apa deskripsi dokumen ""Laporan Koordinasi Strategis Perencanaan Pembangunan Bidang Politik dan Komunikasi""?","1. Melakukan koordinasi antar pemangku kepentingan serta sinkronisasi program/kegiatan agar dapat terwujud rencana pembangunan bidang politik dan komunikasi yang sinergis, terpadu, berkesinambungan, serta adanya kesesuaian antara RKP 2013 dengan RPJMN 2010-2014. 2. Menciptakan sinergi pelaksanaan pembangunan yang dilakukan antar instansi/lembaga sesuai dengan RKP 2013",DOC-035,deskripsi,draft,,
Q044,manfaat,"Apa manfaat dokumen ""Laporan Koordinasi Strategis Perencanaan Pembangunan Bidang Politik dan Komunikasi""?","Sebagai rekomendasi dan masukan untuk pelaksanaan kegiatan-kegiatan kerjasama dengan Mitra Kerja K/L, K/L Terkait, Pemerintahan Daerah, CSO, Universitas, Swasta, dan Mitra Pembangunan, dalam rangka pelaksanaan pembangunan di Bidang Politik dan penguatan demokrasi Indonesia pada khususnya.",DOC-035,manfaat,draft,,
Q045,identitas,"Siapa penyusun, tahun, dan jenis dokumen ""Laporan Koordinasi Strategis Perencanaan Pembangunan Bidang Politik dan Komunikasi""?","Dokumen ""Laporan Koordinasi Strategis Perencanaan Pembangunan Bidang Politik dan Komunikasi"" berjenis Laporan (Pengetahuan Explicit), disusun oleh Direktorat Ideologi, Kebangsaan, Politik, dan Demokrasi pada tahun 2012, termasuk dalam Deputi Bidang Politik, Hukum, Hak Asasi Manusia, Pertahanan, dan Keamanan. Hak akses: Terbuka. Dipublikasikan pada 2025-05-27.",DOC-035,identitas,draft,,
Q046,proses,"Bagaimana tahapan proses bisnis penyusunan ""Laporan Koordinasi Strategis Perencanaan Pembangunan Bidang Politik dan Komunikasi""?","1. Membahas dan mendiskusikan rencana program/kegiatan dalam lingkup bidang penguatan demokrasi (bidang politik luar negeri, bidang politik dalam negeri serta komunikasi dan informasi publik) 2. Menyelenggarakan pertemuan dengan K/L mitra kerja, pemerintah daerah, LSM/Tokoh/Masyakat, Akademisi, Swasta dan mitra terkait lainnya untuk melakukan diskusi berupa FGD, Wawancara mendalam serta pengumpulan data dan informasi guna koordinasi antar pihak serta sinkronisasi program/kegiatan pembangunan yang dilakukan kementerian/lembaga/pemda yang mendukung program/kegiatan penguatan demokrasi 3. Menyelenggarakan pertemuan dengan K/L mitra kerja, pemerintah daerah, LSM/Tokoh/Masyakat, Akademisi, Swasta dan mitra terkait lainnya untuk melakukan diskusi berupa FGD, Wawancara mendalam serta pengumpulan data dan informasi dalam rangka monitoring dan evaluasi hasil pelaksanaan pembangunan di tahun berjalan 4. Menyelenggarakan pertemuan dengan K/L mitra kerja, pemerintah daerah, LSM/Tokoh/Masyakat, Akademisi, Swasta dan mitra terkait lainnya untuk melakukan diskusi berupa FGD, Wawancara mendalam serta pengumpulan data dan informasi dalam rangka mendapatkan feedback dan rekomendasi rekomendasi untuk pelaksanaan pembangunan selanjutnya; 5. Melakukan diseminasi rencana pembangunan bidang politik dan komunikasi baik jangka panjang, menengah dan tahunan ke berbagai institusi/lembaga termasuk kepada LSM, Organisasi Masyarakat Sipil, kalangan akademisi/pelajar/mahasiswa/swasta dan kalangan lain yang diperlukan 6. Melakukan koordinasi berkelanjutan pada kegiatan penguatan demokrasi bersama mitra pembangunan (Penyusunan Indeks Demokrasi Indonesia).",DOC-035,proses_bisnis,draft,,
Q047,proses,"Apa langkah ke-1 dalam penyusunan ""Laporan Koordinasi Strategis Perencanaan Pembangunan Bidang Politik dan Komunikasi""?","Langkah 1: Membahas dan mendiskusikan rencana program/kegiatan dalam lingkup bidang penguatan demokrasi (bidang politik luar negeri, bidang politik dalam negeri serta komunikasi dan informasi publik)",DOC-035,proses_bisnis,draft,,
Q048,proses,"Apa langkah ke-2 dalam penyusunan ""Laporan Koordinasi Strategis Perencanaan Pembangunan Bidang Politik dan Komunikasi""?","Langkah 2: Menyelenggarakan pertemuan dengan K/L mitra kerja, pemerintah daerah, LSM/Tokoh/Masyakat, Akademisi, Swasta dan mitra terkait lainnya untuk melakukan diskusi berupa FGD, Wawancara mendalam serta pengumpulan data dan informasi guna koordinasi antar pihak serta sinkronisasi program/kegiatan pembangunan yang dilakukan kementerian/lembaga/pemda yang mendukung program/kegiatan penguatan demokrasi",DOC-035,proses_bisnis,draft,,
Q049,proses,"Apa langkah ke-3 dalam penyusunan ""Laporan Koordinasi Strategis Perencanaan Pembangunan Bidang Politik dan Komunikasi""?","Langkah 3: Menyelenggarakan pertemuan dengan K/L mitra kerja, pemerintah daerah, LSM/Tokoh/Masyakat, Akademisi, Swasta dan mitra terkait lainnya untuk melakukan diskusi berupa FGD, Wawancara mendalam serta pengumpulan data dan informasi dalam rangka monitoring dan evaluasi hasil pelaksanaan pembangunan di tahun berjalan",DOC-035,proses_bisnis,draft,,
Q050,proses,"Apa langkah ke-4 dalam penyusunan ""Laporan Koordinasi Strategis Perencanaan Pembangunan Bidang Politik dan Komunikasi""?","Langkah 4: Menyelenggarakan pertemuan dengan K/L mitra kerja, pemerintah daerah, LSM/Tokoh/Masyakat, Akademisi, Swasta dan mitra terkait lainnya untuk melakukan diskusi berupa FGD, Wawancara mendalam serta pengumpulan data dan informasi dalam rangka mendapatkan feedback dan rekomendasi rekomendasi untuk pelaksanaan pembangunan selanjutnya;",DOC-035,proses_bisnis,draft,,
Q051,proses,"Apa langkah ke-5 dalam penyusunan ""Laporan Koordinasi Strategis Perencanaan Pembangunan Bidang Politik dan Komunikasi""?","Langkah 5: Melakukan diseminasi rencana pembangunan bidang politik dan komunikasi baik jangka panjang, menengah dan tahunan ke berbagai institusi/lembaga termasuk kepada LSM, Organisasi Masyarakat Sipil, kalangan akademisi/pelajar/mahasiswa/swasta dan kalangan lain yang diperlukan",DOC-035,proses_bisnis,draft,,
Q052,proses,"Apa langkah ke-6 dalam penyusunan ""Laporan Koordinasi Strategis Perencanaan Pembangunan Bidang Politik dan Komunikasi""?",Langkah 6: Melakukan koordinasi berkelanjutan pada kegiatan penguatan demokrasi bersama mitra pembangunan (Penyusunan Indeks Demokrasi Indonesia).,DOC-035,proses_bisnis,draft,,
Q053,sumber,"Sumber data apa yang digunakan ""Laporan Koordinasi Strategis Perencanaan Pembangunan Bidang Politik dan Komunikasi""?",RPJPN 2005-2020; RPJMN 2010-2014; RKP 2012; dokumen hasil pelaksanaan/laporan program/kegiatan mitra K/L; dokumen terkait lainnya,DOC-035,data_sekunder,draft,,
Q054,mitra,"Siapa saja mitra dalam penyusunan ""Laporan Koordinasi Strategis Perencanaan Pembangunan Bidang Politik dan Komunikasi""?","Direktorat Ideologi, Kebangsaan, Politik, dan Demokrasi (Internal UKE); Mitra K/L Direktorat Politik dan Komunikasi (Instansi lain); Internal Kementerian PPN/Bappenas (Instansi lain); Akademisi/Praktisi (Instansi lain); Masyarakat (Instansi lain)",DOC-035,mitra,draft,,
Q055,lintas_dokumen,Dokumen apa saja yang disusun oleh Sekretariat Deputi Bidang Perencanaan Makro Pembangunan?,Laporan Kinerja Kedeputian Bidang Perencanaan Makro Pembangunan Tahun 2025; Laporan Kinerja Sekretariat Deputi Bidang Perencanaan Makro Pembangunan Tahun 2025,DOC-002;DOC-008,identitas,draft,,
Q056,lintas_dokumen,Dokumen apa saja yang disusun oleh Direktorat Perencanaan Ekonomi Makro dan Pengembangan Model Pembangunan?,Laporan Perkembangan Ekonomi Indonesia dan Dunia Triwulan III 2025; Laporan Akhir Kegiatan Penyusunan Kerangka Ekonomi Makro RKP 2024; Laporan Akhir Kegiatan Pengembangan Model Outlook Makroekonomi 2023; Laporan Background Study dan Penyusunan Awal RPJPN 2025-2045; Dampak Peningkatan Geopolitik Terhadap Makroekonomi,DOC-003;DOC-006;DOC-007;DOC-009;DOC-012,identitas,draft,,
Q057,lintas_dokumen,Dokumen apa saja yang disusun oleh Direktorat Ketenagakerjaan?,Laporan Akhir Kegiatan Background Study Rencana Pembangunan Jangka Menengah Nasional (RPJMN) Tahun 2025-2029 dan Rencana Pembangunan Jangka Panjang Nasional (RPJPN) Tahun 2025-2045; Model dan Strategi Dewan Keterampilan Energi Terbarukan (DKET),DOC-005;DOC-017,identitas,draft,,
Q058,lintas_dokumen,"Dokumen apa saja yang disusun oleh Direktorat Pendidikan Tinggi, Ilmu Pengetahuan, dan Teknologi?",Laporan Akhir Kajian Pengembangan Ekosistem Sektoral; Laporan Akhir Kajian Pengembangan Ekosistem Sektoral; Buku Putih Pemetaan Kebutuhan SDM (Bidang Keahlian) dan Pusat Keunggulan,DOC-010;DOC-026;DOC-027,identitas,draft,,
Q059,lintas_dokumen,Dokumen apa saja yang disusun oleh Direktorat Kehutanan dan Konservasi Sumber Daya Air?,Dokumen Inisiatif Bioekonomi di Indonesia; Analisis Kegiatan Perhutanan Sosial dalam Peningkatan Kualitas Lingkungan dan Peningkatan Ekonomi Masyarakat Pasca Pandemi Covid-19,DOC-022;DOC-023,identitas,draft,,
Q060,lintas_dokumen,"Dokumen apa saja yang disusun oleh Direktorat Transmisi, Ketenagalistrikan, Kedirgantaraan, dan Antariksa?",Kamus Kosakata Transisi Energi; Synthesis Study on the Effectiveness of Energy Efficiency Financing Mechanisms to Support the Energy Transition in Indonesia,DOC-028;DOC-029,identitas,draft,,
Q061,lintas_dokumen,Dokumen apa saja yang disusun oleh Direktorat Sumber Daya Air?,Kajian Formulasi Kebijakan Dana Alokasi Khusus (DAK) Fisik Tematik Pengendalian Banjir; Kajian Formulasi Kebijakan Dana Alokasi Khusus (DAK) Fisik Tematik Pengendalian Banjir,DOC-030;DOC-031,identitas,draft,,
Q062,lintas_dokumen,Dokumen apa saja yang disusun oleh Direktorat Strategi Pembiayaan dan Investasi Pembangunan?,Petunjuk Penyusunan Teknis Pinjaman Luar Negeri (Juksun PLN); Penyusunan Rencana Pemanfaatan Hibah (RPH); Rencana Pemanfaatan Pinjaman Luar Negeri 2025-2029,DOC-037;DOC-038;DOC-039,identitas,draft,,
